<?xml version="1.0" encoding="UTF-8"?>
<!DOCTYPE log4j:configuration SYSTEM "log4j.dtd">
<log4j:configuration xmlns:log4j="http://jakarta.apache.org/log4j/">

    <appender name="console" class="org.apache.log4j.ConsoleAppender">
        <layout class="org.apache.log4j.PatternLayout">
            <param name="ConversionPattern" value="%-6p %d{HH:mm:ss.SSS} [%10.10t] %30.30c %x - %m%n" />
        </layout>
    </appender>

    <logger name="org.opendaylight.openflowjava.statistics" additivity="false">
        <level value="DEBUG" />
        <appender-ref ref="console" />
    </logger>
    <logger name="org.opendaylight.openflowjava.protocol.impl" additivity="false">
        <level value="DEBUG" />
        <appender-ref ref="console" />
    </logger>
    <logger name="org.opendaylight.openflowjava.protocol.impl.clients" additivity="false">
        <level value="DEBUG" />
        <appender-ref ref="console" />
    </logger>

    <root>
        <priority value="INFO" />
        <appender-ref ref="console" />
    </root>
</log4j:configuration>
